type,start,end,dur_s,reason
KEEP,00:00:00.000,00:00:09.156,9.16,
CUT,00:00:09.156,00:00:09.685,0.53,silence
KEEP,00:00:09.685,00:00:11.777,2.09,
CUT,00:00:11.777,00:00:12.120,0.34,silence
KEEP,00:00:12.120,00:00:13.830,1.71,
CUT,00:00:13.830,00:00:14.309,0.48,silence
KEEP,00:00:14.309,00:00:16.592,2.28,
CUT,00:00:16.592,00:00:17.157,0.57,silence
KEEP,00:00:17.157,00:00:18.746,1.59,
CUT,00:00:18.746,00:00:19.166,0.42,silence
KEEP,00:00:19.166,00:00:22.351,3.18,
CUT,00:00:22.351,00:00:22.994,0.64,silence
KEEP,00:00:22.994,00:00:25.436,2.44,
CUT,00:00:25.436,00:00:26.222,0.79,silence
KEEP,00:00:26.222,00:00:28.735,2.51,
CUT,00:00:28.735,00:00:29.069,0.33,silence
KEEP,00:00:29.069,00:00:31.228,2.16,
CUT,00:00:31.228,00:00:31.706,0.48,silence
KEEP,00:00:31.706,00:00:34.452,2.75,
CUT,00:00:34.452,00:00:35.087,0.63,silence
KEEP,00:00:35.087,00:00:36.933,1.85,
CUT,00:00:36.933,00:00:37.274,0.34,silence
KEEP,00:00:37.274,00:00:39.341,2.07,
CUT,00:00:39.341,00:00:40.192,0.85,silence
KEEP,00:00:40.192,00:00:44.314,4.12,
CUT,00:00:44.314,00:00:45.000,0.69,silence
KEEP,00:00:45.000,00:00:46.398,1.40,
CUT,00:00:46.398,00:00:46.873,0.47,silence
KEEP,00:00:46.873,00:00:48.871,2.00,
CUT,00:00:48.871,00:00:49.296,0.42,silence
KEEP,00:00:49.296,00:00:51.975,2.68,
CUT,00:00:51.975,00:00:52.360,0.39,silence
KEEP,00:00:52.360,00:00:54.429,2.07,
CUT,00:00:54.429,00:00:54.890,0.46,silence
KEEP,00:00:54.890,00:00:56.296,1.41,
CUT,00:00:56.296,00:00:57.221,0.92,silence
KEEP,00:00:57.221,00:00:57.808,0.59,
CUT,00:00:57.808,00:00:58.250,0.44,silence
KEEP,00:00:58.250,00:01:04.074,5.82,
CUT,00:01:04.074,00:01:04.570,0.50,silence
KEEP,00:01:04.570,00:01:12.612,8.04,
CUT,00:01:12.612,00:01:13.669,1.06,silence
KEEP,00:01:13.669,00:01:17.500,3.83,
CUT,00:01:17.500,00:01:18.018,0.52,silence
KEEP,00:01:18.018,00:01:22.453,4.43,
CUT,00:01:22.453,00:01:22.960,0.51,silence
KEEP,00:01:22.960,00:01:25.852,2.89,
CUT,00:01:25.852,00:01:26.236,0.38,silence
KEEP,00:01:26.236,00:01:33.582,7.35,
CUT,00:01:33.582,00:01:33.896,0.31,silence
KEEP,00:01:33.896,00:01:34.886,0.99,
CUT,00:01:34.886,00:01:35.424,0.54,silence
KEEP,00:01:35.424,00:01:36.714,1.29,
CUT,00:01:36.714,00:01:37.230,0.52,silence
KEEP,00:01:37.230,00:01:38.177,0.95,
CUT,00:01:38.177,00:01:38.516,0.34,silence
KEEP,00:01:38.516,00:01:39.961,1.44,
CUT,00:01:39.961,00:01:40.884,0.92,silence
KEEP,00:01:40.884,00:01:42.863,1.98,
CUT,00:01:42.863,00:01:43.335,0.47,silence
KEEP,00:01:43.335,00:01:45.779,2.44,
CUT,00:01:45.779,00:01:46.424,0.65,silence
KEEP,00:01:46.424,00:01:48.818,2.39,
CUT,00:01:48.818,00:01:49.123,0.30,silence
KEEP,00:01:49.123,00:01:55.635,6.51,
CUT,00:01:55.635,00:01:56.646,1.01,silence
KEEP,00:01:56.646,00:01:59.405,2.76,
CUT,00:01:59.405,00:01:59.855,0.45,silence
KEEP,00:01:59.855,00:02:04.337,4.48,
CUT,00:02:04.337,00:02:04.787,0.45,silence
KEEP,00:02:04.787,00:02:05.897,1.11,
CUT,00:02:05.897,00:02:06.236,0.34,silence
KEEP,00:02:06.236,00:02:09.046,2.81,
CUT,00:02:09.046,00:02:09.501,0.46,silence
KEEP,00:02:09.501,00:02:12.295,2.79,
CUT,00:02:12.295,00:02:12.647,0.35,silence
KEEP,00:02:12.647,00:02:13.984,1.34,
CUT,00:02:13.984,00:02:14.298,0.31,silence
KEEP,00:02:14.298,00:02:14.911,0.61,
CUT,00:02:14.911,00:02:15.337,0.43,silence
KEEP,00:02:15.337,00:02:19.610,4.27,
CUT,00:02:19.610,00:02:20.038,0.43,silence
KEEP,00:02:20.038,00:02:21.150,1.11,
CUT,00:02:21.150,00:02:21.468,0.32,silence
KEEP,00:02:21.468,00:02:23.283,1.81,
CUT,00:02:23.283,00:02:23.738,0.46,silence
KEEP,00:02:23.738,00:02:27.163,3.42,
CUT,00:02:27.163,00:02:27.882,0.72,silence
KEEP,00:02:27.882,00:02:29.974,2.09,
CUT,00:02:29.974,00:02:30.401,0.43,silence
KEEP,00:02:30.401,00:02:34.519,4.12,
CUT,00:02:34.519,00:02:35.219,0.70,silence
KEEP,00:02:35.219,00:02:37.575,2.36,
CUT,00:02:37.575,00:02:37.963,0.39,silence
KEEP,00:02:37.963,00:02:41.887,3.92,
CUT,00:02:41.887,00:02:42.192,0.30,silence
KEEP,00:02:42.192,00:02:45.871,3.68,
CUT,00:02:45.871,00:02:46.363,0.49,silence
KEEP,00:02:46.363,00:02:48.611,2.25,
CUT,00:02:48.611,00:02:48.946,0.34,silence
KEEP,00:02:48.946,00:02:49.619,0.67,
CUT,00:02:49.619,00:02:49.962,0.34,silence
KEEP,00:02:49.962,00:02:51.228,1.27,
CUT,00:02:51.228,00:02:52.319,1.09,silence
KEEP,00:02:52.319,00:02:52.619,0.30,
CUT,00:02:52.619,00:02:53.067,0.45,silence
KEEP,00:02:53.067,00:02:58.652,5.58,
CUT,00:02:58.652,00:02:59.084,0.43,silence
KEEP,00:02:59.084,00:03:00.778,1.69,
CUT,00:03:00.778,00:03:01.322,0.54,silence
KEEP,00:03:01.322,00:03:04.148,2.83,
CUT,00:03:04.148,00:03:04.541,0.39,silence
KEEP,00:03:04.541,00:03:06.887,2.35,
CUT,00:03:06.887,00:03:07.291,0.40,silence
KEEP,00:03:07.291,00:03:10.200,2.91,
CUT,00:03:10.200,00:03:10.870,0.67,silence
KEEP,00:03:10.870,00:03:14.309,3.44,
CUT,00:03:14.309,00:03:15.032,0.72,silence
KEEP,00:03:15.032,00:03:19.288,4.26,
CUT,00:03:19.288,00:03:19.834,0.55,silence
KEEP,00:03:19.834,00:03:21.199,1.36,
CUT,00:03:21.199,00:03:21.697,0.50,silence
KEEP,00:03:21.697,00:03:28.142,6.45,
CUT,00:03:28.142,00:03:28.651,0.51,silence
KEEP,00:03:28.651,00:03:33.918,5.27,
CUT,00:03:33.918,00:03:34.451,0.53,silence
KEEP,00:03:34.451,00:03:36.285,1.83,
CUT,00:03:36.285,00:03:36.730,0.45,silence
KEEP,00:03:36.730,00:03:38.056,1.33,
CUT,00:03:38.056,00:03:38.603,0.55,silence
KEEP,00:03:38.603,00:03:44.069,5.47,
CUT,00:03:44.069,00:03:44.460,0.39,silence
KEEP,00:03:44.460,00:03:46.065,1.60,
CUT,00:03:46.065,00:03:46.549,0.48,silence
KEEP,00:03:46.549,00:03:47.993,1.44,
CUT,00:03:47.993,00:03:48.354,0.36,silence
KEEP,00:03:48.354,00:03:50.368,2.01,
CUT,00:03:50.368,00:03:50.899,0.53,silence
KEEP,00:03:50.899,00:03:54.516,3.62,
CUT,00:03:54.516,00:03:54.885,0.37,silence
KEEP,00:03:54.885,00:03:57.064,2.18,
CUT,00:03:57.064,00:03:57.499,0.43,silence
KEEP,00:03:57.499,00:03:58.891,1.39,
CUT,00:03:58.891,00:04:01.025,2.13,silence
KEEP,00:04:01.025,00:04:04.706,3.68,
CUT,00:04:04.706,00:04:05.018,0.31,silence
KEEP,00:04:05.018,00:04:06.712,1.69,
CUT,00:04:06.712,00:04:07.085,0.37,silence
KEEP,00:04:07.085,00:04:09.578,2.49,
CUT,00:04:09.578,00:04:10.138,0.56,silence
KEEP,00:04:10.138,00:04:14.298,4.16,
CUT,00:04:14.298,00:04:14.812,0.51,silence
KEEP,00:04:14.812,00:04:17.311,2.50,
CUT,00:04:17.311,00:04:17.619,0.31,silence
KEEP,00:04:17.619,00:04:22.241,4.62,
CUT,00:04:22.241,00:04:22.740,0.50,silence
KEEP,00:04:22.740,00:04:25.609,2.87,
CUT,00:04:25.609,00:04:26.164,0.56,silence
KEEP,00:04:26.164,00:04:27.745,1.58,
CUT,00:04:27.745,00:04:28.286,0.54,silence
KEEP,00:04:28.286,00:04:30.663,2.38,
CUT,00:04:30.663,00:04:31.312,0.65,silence
KEEP,00:04:31.312,00:04:34.380,3.07,
CUT,00:04:34.380,00:04:35.090,0.71,silence
KEEP,00:04:35.090,00:04:38.374,3.28,
CUT,00:04:38.374,00:04:38.756,0.38,silence
KEEP,00:04:38.756,00:04:42.999,4.24,
CUT,00:04:42.999,00:04:43.467,0.47,silence
KEEP,00:04:43.467,00:04:49.186,5.72,
CUT,00:04:49.186,00:04:49.810,0.62,silence
KEEP,00:04:49.810,00:04:55.508,5.70,
CUT,00:04:55.508,00:04:55.818,0.31,silence
KEEP,00:04:55.818,00:04:57.059,1.24,
CUT,00:04:57.059,00:04:57.464,0.41,silence
KEEP,00:04:57.464,00:05:01.296,3.83,
CUT,00:05:01.296,00:05:01.729,0.43,silence
KEEP,00:05:01.729,00:05:03.020,1.29,
CUT,00:05:03.020,00:05:03.408,0.39,silence
KEEP,00:05:03.408,00:05:06.341,2.93,
CUT,00:05:06.341,00:05:06.667,0.33,silence
KEEP,00:05:06.667,00:05:09.778,3.11,
CUT,00:05:09.778,00:05:10.351,0.57,silence
KEEP,00:05:10.351,00:05:11.403,1.05,
CUT,00:05:11.403,00:05:11.789,0.39,silence
KEEP,00:05:11.789,00:05:14.757,2.97,
CUT,00:05:14.757,00:05:15.189,0.43,silence
KEEP,00:05:15.189,00:05:20.398,5.21,
CUT,00:05:20.398,00:05:21.703,1.30,silence
KEEP,00:05:21.703,00:05:26.350,4.65,
CUT,00:05:26.350,00:05:26.856,0.51,silence
KEEP,00:05:26.856,00:05:31.523,4.67,
CUT,00:05:31.523,00:05:31.991,0.47,silence
KEEP,00:05:31.991,00:05:40.274,8.28,
CUT,00:05:40.274,00:05:42.110,1.84,silence
KEEP,00:05:42.110,00:05:42.901,0.79,
CUT,00:05:42.901,00:05:43.441,0.54,silence
KEEP,00:05:43.441,00:05:54.890,11.45,
CUT,00:05:54.890,00:05:55.292,0.40,silence
KEEP,00:05:55.292,00:05:56.448,1.16,
CUT,00:05:56.448,00:05:56.875,0.43,silence
KEEP,00:05:56.875,00:05:59.764,2.89,
CUT,00:05:59.764,00:06:01.453,1.69,silence
KEEP,00:06:01.453,00:06:07.955,6.50,
CUT,00:06:07.955,00:06:08.478,0.52,silence
KEEP,00:06:08.478,00:06:11.155,2.68,
CUT,00:06:11.155,00:06:11.674,0.52,silence
KEEP,00:06:11.674,00:06:13.204,1.53,
CUT,00:06:13.204,00:06:13.571,0.37,silence
KEEP,00:06:13.571,00:06:16.210,2.64,
CUT,00:06:16.210,00:06:16.863,0.65,silence
KEEP,00:06:16.863,00:06:19.230,2.37,
CUT,00:06:19.230,00:06:19.693,0.46,silence
KEEP,00:06:19.693,00:06:23.685,3.99,
CUT,00:06:23.685,00:06:24.109,0.42,silence
KEEP,00:06:24.109,00:06:27.022,2.91,
CUT,00:06:27.022,00:06:27.541,0.52,silence
KEEP,00:06:27.541,00:06:30.208,2.67,
CUT,00:06:30.208,00:06:30.711,0.50,silence
KEEP,00:06:30.711,00:06:33.455,2.74,
CUT,00:06:33.455,00:06:33.909,0.45,silence
KEEP,00:06:33.909,00:06:35.837,1.93,
CUT,00:06:35.837,00:06:36.276,0.44,silence
KEEP,00:06:36.276,00:06:37.618,1.34,
CUT,00:06:37.618,00:06:38.461,0.84,silence
KEEP,00:06:38.461,00:06:40.476,2.02,
CUT,00:06:40.476,00:06:41.080,0.60,silence
KEEP,00:06:41.080,00:06:42.102,1.02,
CUT,00:06:42.102,00:06:42.565,0.46,silence
KEEP,00:06:42.565,00:06:48.024,5.46,
CUT,00:06:48.024,00:06:48.438,0.41,silence
KEEP,00:06:48.438,00:06:51.952,3.51,
CUT,00:06:51.952,00:06:52.518,0.57,silence
KEEP,00:06:52.518,00:06:54.897,2.38,
CUT,00:06:54.897,00:06:55.264,0.37,silence
KEEP,00:06:55.264,00:06:56.570,1.31,
CUT,00:06:56.570,00:06:57.010,0.44,silence
KEEP,00:06:57.010,00:06:58.520,1.51,
CUT,00:06:58.520,00:06:58.945,0.42,silence
KEEP,00:06:58.945,00:07:00.432,1.49,
CUT,00:07:00.432,00:07:00.744,0.31,silence
KEEP,00:07:00.744,00:07:02.067,1.32,
CUT,00:07:02.067,00:07:02.403,0.34,silence
KEEP,00:07:02.403,00:07:04.673,2.27,
CUT,00:07:04.673,00:07:05.857,1.18,silence
KEEP,00:07:05.857,00:07:10.233,4.38,
CUT,00:07:10.233,00:07:10.757,0.52,silence
KEEP,00:07:10.757,00:07:12.961,2.20,
CUT,00:07:12.961,00:07:13.374,0.41,silence
KEEP,00:07:13.374,00:07:14.749,1.38,
CUT,00:07:14.749,00:07:15.142,0.39,silence
KEEP,00:07:15.142,00:07:20.951,5.81,
CUT,00:07:20.951,00:07:21.464,0.51,silence
KEEP,00:07:21.464,00:07:24.940,3.48,
CUT,00:07:24.940,00:07:25.669,0.73,silence
KEEP,00:07:25.669,00:07:27.634,1.97,
CUT,00:07:27.634,00:07:28.005,0.37,silence
KEEP,00:07:28.005,00:07:30.048,2.04,
CUT,00:07:30.048,00:07:30.532,0.48,silence
KEEP,00:07:30.532,00:07:33.232,2.70,
CUT,00:07:33.232,00:07:33.792,0.56,silence
KEEP,00:07:33.792,00:07:37.415,3.62,
CUT,00:07:37.415,00:07:37.888,0.47,silence
KEEP,00:07:37.888,00:07:43.243,5.36,
CUT,00:07:43.243,00:07:43.622,0.38,silence
KEEP,00:07:43.622,00:07:46.684,3.06,
CUT,00:07:46.684,00:07:47.138,0.45,silence
KEEP,00:07:47.138,00:07:49.276,2.14,
CUT,00:07:49.276,00:07:49.857,0.58,silence
KEEP,00:07:49.857,00:07:51.727,1.87,
CUT,00:07:51.727,00:07:52.119,0.39,silence
KEEP,00:07:52.119,00:07:56.988,4.87,
CUT,00:07:56.988,00:07:57.435,0.45,silence
KEEP,00:07:57.435,00:08:00.727,3.29,
CUT,00:08:00.727,00:08:01.072,0.34,silence
KEEP,00:08:01.072,00:08:05.638,4.57,
CUT,00:08:05.638,00:08:06.322,0.68,silence
KEEP,00:08:06.322,00:08:08.556,2.23,
CUT,00:08:08.556,00:08:08.886,0.33,silence
KEEP,00:08:08.886,00:08:12.390,3.50,
CUT,00:08:12.390,00:08:12.739,0.35,silence
KEEP,00:08:12.739,00:08:15.555,2.82,
CUT,00:08:15.555,00:08:17.014,1.46,silence
KEEP,00:08:17.014,00:08:22.039,5.03,
CUT,00:08:22.039,00:08:22.364,0.33,silence
KEEP,00:08:22.364,00:08:24.134,1.77,
CUT,00:08:24.134,00:08:24.453,0.32,silence
KEEP,00:08:24.453,00:08:27.576,3.12,
CUT,00:08:27.576,00:08:27.968,0.39,silence
KEEP,00:08:27.968,00:08:29.089,1.12,
CUT,00:08:29.089,00:08:29.683,0.59,silence
KEEP,00:08:29.683,00:08:33.291,3.61,
CUT,00:08:33.291,00:08:33.758,0.47,silence
KEEP,00:08:33.758,00:08:34.831,1.07,
CUT,00:08:34.831,00:08:35.202,0.37,silence
KEEP,00:08:35.202,00:08:40.182,4.98,
CUT,00:08:40.182,00:08:40.523,0.34,silence
KEEP,00:08:40.523,00:08:42.999,2.48,
CUT,00:08:42.999,00:08:43.352,0.35,silence
KEEP,00:08:43.352,00:08:46.861,3.51,
CUT,00:08:46.861,00:08:47.840,0.98,silence
KEEP,00:08:47.840,00:08:50.965,3.12,
CUT,00:08:50.965,00:08:51.467,0.50,silence
KEEP,00:08:51.467,00:08:55.298,3.83,
CUT,00:08:55.298,00:08:55.816,0.52,silence
KEEP,00:08:55.816,00:08:59.295,3.48,
CUT,00:08:59.295,00:08:59.685,0.39,silence
KEEP,00:08:59.685,00:09:01.707,2.02,
CUT,00:09:01.707,00:09:02.057,0.35,silence
KEEP,00:09:02.057,00:09:03.415,1.36,
CUT,00:09:03.415,00:09:04.020,0.60,silence
KEEP,00:09:04.020,00:09:09.879,5.86,
CUT,00:09:09.879,00:09:10.227,0.35,silence
KEEP,00:09:10.227,00:09:13.188,2.96,
CUT,00:09:13.188,00:09:14.877,1.69,silence
KEEP,00:09:14.877,00:09:19.811,4.93,
CUT,00:09:19.811,00:09:20.230,0.42,silence
KEEP,00:09:20.230,00:09:23.942,3.71,
CUT,00:09:23.942,00:09:24.448,0.51,silence
KEEP,00:09:24.448,00:09:26.760,2.31,
CUT,00:09:26.760,00:09:27.264,0.50,silence
KEEP,00:09:27.264,00:09:29.772,2.51,
CUT,00:09:29.772,00:09:30.290,0.52,silence
KEEP,00:09:30.290,00:09:33.903,3.61,
CUT,00:09:33.903,00:09:35.786,1.88,silence
KEEP,00:09:35.786,00:09:41.094,5.31,
CUT,00:09:41.094,00:09:41.452,0.36,silence
KEEP,00:09:41.452,00:09:44.052,2.60,
CUT,00:09:44.052,00:09:44.506,0.45,silence
KEEP,00:09:44.506,00:09:45.295,0.79,
CUT,00:09:45.295,00:09:45.723,0.43,silence
KEEP,00:09:45.723,00:09:46.941,1.22,
CUT,00:09:46.941,00:09:47.519,0.58,silence
KEEP,00:09:47.519,00:09:49.035,1.52,
CUT,00:09:49.035,00:09:49.393,0.36,silence
KEEP,00:09:49.393,00:09:49.924,0.53,
CUT,00:09:49.924,00:09:50.511,0.59,silence
KEEP,00:09:50.511,00:09:51.533,1.02,
CUT,00:09:51.533,00:09:51.954,0.42,silence
KEEP,00:09:51.954,00:09:56.695,4.74,
CUT,00:09:56.695,00:09:57.349,0.65,silence
KEEP,00:09:57.349,00:09:58.350,1.00,
CUT,00:09:58.350,00:09:58.814,0.46,silence
KEEP,00:09:58.814,00:10:00.015,1.20,
CUT,00:10:00.015,00:10:00.564,0.55,silence
KEEP,00:10:00.564,00:10:05.548,4.98,
CUT,00:10:05.548,00:10:05.869,0.32,silence
KEEP,00:10:05.869,00:10:07.547,1.68,
CUT,00:10:07.547,00:10:07.916,0.37,silence
KEEP,00:10:07.916,00:10:12.808,4.89,
CUT,00:10:12.808,00:10:13.747,0.94,silence
KEEP,00:10:13.747,00:10:16.685,2.94,
CUT,00:10:16.685,00:10:17.212,0.53,silence
KEEP,00:10:17.212,00:10:23.069,5.86,
CUT,00:10:23.069,00:10:23.475,0.41,silence
KEEP,00:10:23.475,00:10:26.712,3.24,
CUT,00:10:26.712,00:10:27.278,0.57,silence
KEEP,00:10:27.278,00:10:34.689,7.41,
CUT,00:10:34.689,00:10:35.171,0.48,silence
KEEP,00:10:35.171,00:10:38.562,3.39,
CUT,00:10:38.562,00:10:38.972,0.41,silence
KEEP,00:10:38.972,00:10:43.899,4.93,
CUT,00:10:43.899,00:10:44.229,0.33,silence
KEEP,00:10:44.229,00:10:45.137,0.91,
CUT,00:10:45.137,00:10:45.947,0.81,silence
KEEP,00:10:45.947,00:10:50.258,4.31,
CUT,00:10:50.258,00:10:50.672,0.41,silence
KEEP,00:10:50.672,00:10:55.679,5.01,
CUT,00:10:55.679,00:10:56.178,0.50,silence
KEEP,00:10:56.178,00:11:00.382,4.20,
CUT,00:11:00.382,00:11:00.897,0.52,silence
KEEP,00:11:00.897,00:11:05.832,4.93,
CUT,00:11:05.832,00:11:06.775,0.94,silence
KEEP,00:11:06.775,00:11:18.178,11.40,
CUT,00:11:18.178,00:11:18.911,0.73,silence
KEEP,00:11:18.911,00:11:21.303,2.39,
CUT,00:11:21.303,00:11:21.888,0.58,silence
KEEP,00:11:21.888,00:11:23.832,1.94,
CUT,00:11:23.832,00:11:24.151,0.32,silence
KEEP,00:11:24.151,00:11:27.427,3.28,
CUT,00:11:27.427,00:11:27.764,0.34,silence
KEEP,00:11:27.764,00:11:30.698,2.93,
CUT,00:11:30.698,00:11:31.280,0.58,silence
KEEP,00:11:31.280,00:11:34.913,3.63,
CUT,00:11:34.913,00:11:35.251,0.34,silence
KEEP,00:11:35.251,00:11:38.738,3.49,
CUT,00:11:38.738,00:11:39.557,0.82,silence
KEEP,00:11:39.557,00:11:41.840,2.28,
CUT,00:11:41.840,00:11:42.340,0.50,silence
KEEP,00:11:42.340,00:11:44.277,1.94,
CUT,00:11:44.277,00:11:44.610,0.33,silence
KEEP,00:11:44.610,00:11:47.164,2.55,
CUT,00:11:47.164,00:11:47.520,0.36,silence
KEEP,00:11:47.520,00:11:51.994,4.47,
CUT,00:11:51.994,00:11:52.610,0.62,silence
KEEP,00:11:52.610,00:11:55.144,2.53,
CUT,00:11:55.144,00:11:55.906,0.76,silence
KEEP,00:11:55.906,00:12:00.754,4.85,
CUT,00:12:00.754,00:12:02.721,1.97,silence
KEEP,00:12:02.721,00:12:07.525,4.80,
CUT,00:12:07.525,00:12:07.960,0.43,silence
KEEP,00:12:07.960,00:12:09.658,1.70,
CUT,00:12:09.658,00:12:09.961,0.30,silence
KEEP,00:12:09.961,00:12:13.021,3.06,
CUT,00:12:13.021,00:12:13.436,0.41,silence
KEEP,00:12:13.436,00:12:16.693,3.26,
CUT,00:12:16.693,00:12:17.157,0.46,silence
KEEP,00:12:17.157,00:12:20.144,2.99,
CUT,00:12:20.144,00:12:20.548,0.40,silence
KEEP,00:12:20.548,00:12:22.856,2.31,
CUT,00:12:22.856,00:12:23.312,0.46,silence
KEEP,00:12:23.312,00:12:26.957,3.65,
CUT,00:12:26.957,00:12:27.294,0.34,silence
KEEP,00:12:27.294,00:12:29.216,1.92,
CUT,00:12:29.216,00:12:29.905,0.69,silence
KEEP,00:12:29.905,00:12:34.106,4.20,
CUT,00:12:34.106,00:12:34.475,0.37,silence
KEEP,00:12:34.475,00:12:43.511,9.04,
CUT,00:12:43.511,00:12:43.878,0.37,silence
KEEP,00:12:43.878,00:12:49.098,5.22,
CUT,00:12:49.098,00:12:49.548,0.45,silence
KEEP,00:12:49.548,00:12:54.343,4.79,
CUT,00:12:54.343,00:12:54.790,0.45,silence
KEEP,00:12:54.790,00:12:57.428,2.64,
CUT,00:12:57.428,00:12:58.108,0.68,silence
KEEP,00:12:58.108,00:13:01.970,3.86,
CUT,00:13:01.970,00:13:02.607,0.64,silence
KEEP,00:13:02.607,00:13:04.118,1.51,
CUT,00:13:04.118,00:13:04.425,0.31,silence
KEEP,00:13:04.425,00:13:06.052,1.63,
CUT,00:13:06.052,00:13:06.735,0.68,silence
KEEP,00:13:06.735,00:13:10.364,3.63,
CUT,00:13:10.364,00:13:10.798,0.43,silence
KEEP,00:13:10.798,00:13:13.359,2.56,
CUT,00:13:13.359,00:13:13.846,0.49,silence
KEEP,00:13:13.846,00:13:18.471,4.62,
CUT,00:13:18.471,00:13:18.824,0.35,silence
KEEP,00:13:18.824,00:13:26.059,7.24,
CUT,00:13:26.059,00:13:27.448,1.39,silence
KEEP,00:13:27.448,00:13:28.811,1.36,
CUT,00:13:28.811,00:13:29.433,0.62,silence
KEEP,00:13:29.433,00:13:34.023,4.59,
CUT,00:13:34.023,00:13:34.537,0.51,silence
KEEP,00:13:34.537,00:13:38.575,4.04,
